{"cameraMode":{"drawMode":0,"name":"Shaded","section":"Shading Mode"},"sceneLighting":true,"audioPlay":false,"sceneViewState":{"showFog":true,"showMaterialUpdate":false,"showSkybox":true,"showFlares":true,"showImageEffects":true,"showParticleSystems":true,"showVisualEffectGraphs":true,"m_FxEnabled":true},"in2DMode":false,"pivot":{"x":7.41600227355957,"y":19.012531280517579,"z":654.1622314453125},"rotation":{"x":0.036305490881204608,"y":-0.003872899804264307,"z":0.0001691639918135479,"w":0.9993774890899658},"size":411.7895202636719,"orthographic":false}