{"cameraMode":{"drawMode":0,"name":"Shaded","section":"Shading Mode"},"sceneLighting":false,"audioPlay":false,"sceneViewState":{"showFog":true,"showMaterialUpdate":false,"showSkybox":false,"showFlares":true,"showImageEffects":true,"showParticleSystems":true,"showVisualEffectGraphs":true,"m_FxEnabled":true},"in2DMode":false,"pivot":{"x":-56.388275146484378,"y":9.808769226074219,"z":-0.0000019073486328125},"rotation":{"x":0.07074912637472153,"y":-0.012843606062233448,"z":0.000918806588742882,"w":0.9974467158317566},"size":14.145319938659668,"orthographic":false}