{"cameraMode":{"drawMode":0,"name":"Shaded","section":"Shading Mode"},"sceneLighting":false,"audioPlay":false,"sceneViewState":{"showFog":true,"showMaterialUpdate":false,"showSkybox":false,"showFlares":true,"showImageEffects":true,"showParticleSystems":true,"showVisualEffectGraphs":true,"m_FxEnabled":true},"in2DMode":false,"pivot":{"x":22.673330307006837,"y":24.514558792114259,"z":89.09921264648438},"rotation":{"x":-0.08770021796226502,"y":0.09163578599691391,"z":0.008148000575602055,"w":0.9919272065162659},"size":59.70066833496094,"orthographic":false}