{"cameraMode":{"drawMode":0,"name":"Shaded","section":"Shading Mode"},"sceneLighting":false,"audioPlay":false,"sceneViewState":{"showFog":true,"showMaterialUpdate":false,"showSkybox":false,"showFlares":true,"showImageEffects":true,"showParticleSystems":true,"showVisualEffectGraphs":true,"m_FxEnabled":true},"in2DMode":false,"pivot":{"x":-56.388275146484378,"y":9.808769226074219,"z":-0.0000019073486328125},"rotation":{"x":0.06923442333936691,"y":-0.026310337707400323,"z":0.0018343362025916577,"w":0.997287392616272},"size":14.145319938659668,"orthographic":false}