{"cameraMode":{"drawMode":0,"name":"Shaded","section":"Shading Mode"},"sceneLighting":false,"audioPlay":false,"sceneViewState":{"showFog":true,"showMaterialUpdate":false,"showSkybox":false,"showFlares":true,"showImageEffects":true,"showParticleSystems":true,"showVisualEffectGraphs":true,"m_FxEnabled":true},"in2DMode":false,"pivot":{"x":-1.8131732940673829,"y":31.13225555419922,"z":2.0011510848999025},"rotation":{"x":0.06923442333936691,"y":-0.026310337707400323,"z":0.0018343362025916577,"w":0.997287392616272},"size":25.60833168029785,"orthographic":false}